{
    "rmse": 0.7323920811468796,
    "mae": 0.5588461139967799,
    "r2": 0.18874284500321203
}